{
  "precision": 0.5760869565217391,
  "recall": 0.5326633165829145,
  "f1": 0.5535248041775457,
  "tp": 106,
  "fp": 78,
  "fn": 93,
  "tn": 1817
}