{
  "precision": 0.6235955056179775,
  "recall": 0.5577889447236181,
  "f1": 0.5888594164456233,
  "tp": 111,
  "fp": 67,
  "fn": 88,
  "tn": 1828
}