{
  "precision": 0.6009389671361502,
  "recall": 0.6432160804020101,
  "f1": 0.6213592233009709,
  "tp": 128,
  "fp": 85,
  "fn": 71,
  "tn": 1810
}