{
  "precision": 0.549800796812749,
  "recall": 0.6934673366834171,
  "f1": 0.6133333333333333,
  "tp": 138,
  "fp": 113,
  "fn": 61,
  "tn": 1782
}
