{
  "precision": 0.5459183673469388,
  "recall": 0.5376884422110553,
  "f1": 0.5417721518987342,
  "tp": 107,
  "fp": 89,
  "fn": 92,
  "tn": 1806
}