{
  "precision": 0.4075471698113208,
  "recall": 0.542713567839196,
  "f1": 0.4655172413793104,
  "tp": 108,
  "fp": 157,
  "fn": 91,
  "tn": 1738
}